{
	"class_name" : "PinholeCameraParameters",
	"extrinsic" : 
	[
		0.99961905387054417,
		-0.01293286618778617,
		0.02438212687866215,
		0.0,
		-0.016575017385910575,
		-0.98767192967681039,
		0.1556580487065882,
		0.0,
		0.022068437588898867,
		-0.15600288555233408,
		-0.98751004235994,
		0.0,
		-3.142972949380423,
		1.2524155049020196,
		5.2040912511810822,
		1.0
	],
    "intrinsic" : 
    {
        "height" : 1080,
        "intrinsic_matrix" : 
        [
            1388.0531005859375,
            0.0,
            0.0,
            0.0,
            1388.0531005859375,
            0.0,
            954.3453979492188,
            531.0470581054688,
            1.0
        ],
        "width" : 1920
    },
    "version_major" : 1,
    "version_minor" : 0
}