{"alarm clock": [0.725306324089933, 0.6060568116098793, 0.10294811458223696], "armchair": [0.919923103937509, 0.7078568873963996, 0.10626537398317937], "backpack": [0.5087772969467097, 0.16581835364256625, 0.33619706227016655], "bag": [0.2026428710000222, 0.20557920129939977, 0.2571997859309487], "ball": [0.6121253480656718, 0.7462615644810694, 0.880406639640015], "bar": [0.4162857301715701, 0.5575439373126297, 0.156007121284373], "basket": [0.9966396547604978, 0.6461678300072301, 0.9446539390976586], "bathroom cabinet": [0.9370774390737326, 0.96300840476779, 0.9928341015611294], "bathroom counter": [0.5614759121568597, 0.5261038553709809, 0.6683743015522947], "bathroom stall": [0.5370048642149775, 0.030903350162121646, 0.8397027366725373], "bathroom stall door": [0.16076228761780165, 0.37356382505524044, 0.40009711334902553], "bathroom vanity": [0.9577275255849916, 0.4674282060072459, 0.327988697141949], "bathtub": [0.924699413478607, 0.20313196525183685, 0.16389378510089603], "bed": [0.9583200408599691, 0.8289924887644549, 0.33656934288506224], "bench": [0.2652815056694039, 0.40453620446702565, 0.8849638488372625], "bicycle": [0.9245656955877396, 0.16679871192857454, 0.5316179189167239], "bin": [0.11319885006731079, 0.6718895549956464, 0.32038785002897574], "blackboard": [0.345150075919639, 0.7012898412664685, 0.6326315056399712], "blanket": [0.7805895160603512, 0.6595991356896506, 0.6960626112411997], "blinds": [0.9627931552785214, 0.7984309943589515, 0.578131968422871], "board": [0.02664618294029064, 0.5431960175421271, 0.7680494591597848], "book": [0.6525346121340073, 0.15288126237487853, 0.636765364351863], "bookshelf": [0.8854173413507546, 0.21885952728000646, 0.8402741332557198], "bottle": [0.05104336987621738, 0.4239258736104171, 0.6492345252164271], "bowl": [0.8406779837458829, 0.2428484574922204, 0.4575368942239316], "box": [0.19241612834198007, 0.3806242315440431, 0.6021587980112991], "broom": [0.6876224408680083, 0.9149071030145884, 0.9194600517691275], "bucket": [0.0016465650719101887, 0.4463856665882683, 0.6746670608845932], "bulletin board": [0.24171568744395255, 0.455142590189908, 0.12630580583328044], "cabinet": [0.15308015374458317, 0.8696890240085414, 0.5251074510163498], "calendar": [0.3359116162844641, 0.6676874085382808, 0.5284023628606663], "candle": [0.6613766041011016, 0.05815755733903438, 0.0641740386391968], "cart": [0.3008426365089216, 0.9731477473001527, 0.006738515158446257], "case of water bottles": [0.6214749668825539, 0.20774348810546384, 0.24858691784492315], "cd case": [0.027265620853563766, 0.9647252166097808, 0.9212345882153226], "ceiling": [0.8037017548523268, 0.17303973955021756, 0.45854561981193953], "ceiling light": [0.22993898747920583, 0.866660792388411, 0.6210210970871526], "chair": [0.4312026076678869, 0.5670698386186929, 0.8126869313783901], "clock": [0.5247398896630202, 0.26748193284731636, 0.2242772147314458], "closet": [0.324028173764476, 0.48407664869859746, 0.23000882200605222], "closet door": [0.4469274253195932, 0.9599204920843748, 0.9042811296587971], "closet rod": [0.21939860352631324, 0.9098311974883375, 0.9380977940344475], "closet wall": [0.10174088947301474, 0.7315717344526134, 0.1861008030782041], "clothes": [0.6448323790220988, 0.20236704280879914, 0.9654931602872213], "clothes dryer": [0.4417688101839662, 0.8821800803802043, 0.9439305757997416], "coat rack": [0.10583137278782317, 0.1818303801213973, 0.30623158092680847], "coffee kettle": [0.2849984828515274, 0.8418410085446715, 0.6243993429781162], "coffee maker": [0.41844974529623324, 0.1727106465605196, 0.4276552936918402], "coffee table": [0.5715099862757754, 0.04774031592904793, 0.9386983354109911], "column": [0.4230394230365747, 0.8916420329557675, 0.9960508448350931], "computer tower": [0.24775314684650251, 0.6037386879801735, 0.40017214580160254], "container": [0.905922717112801, 0.7653915152312971, 0.3977274730604372], "copier": [0.07218983493926567, 0.2708569560736225, 0.6469534435961469], "couch": [0.29559568245014456, 0.012461760663145194, 0.7109300411317173], "counter": [0.2068074425360289, 0.6457211956354798, 0.5001268870775406], "crate": [0.29072425177808714, 0.26435772657098067, 0.013070306553340627], "cup": [0.8456451399508116, 0.20777472462622537, 0.6465331825004743], "curtain": [0.3858545791282042, 0.8721646963581124, 0.6784179308136268], "cushion": [0.8815399495599052, 0.3461667312403358, 0.30581460290605533], "decoration": [0.24577034649692797, 0.60984301493021, 0.04785885368422238], "desk": [0.3997268491737387, 0.10922510770853922, 0.6185334378105538], "dining table": [0.14609146828041308, 0.8659417149721153, 0.3146452448203011], "dish rack": [0.4838603190733126, 0.07674266799942941, 0.6158161708698004], "dishwasher": [0.8259795016244406, 0.4756820757110606, 0.13980284452737546], "divider": [0.4396387847692108, 0.4070494699515771, 0.9599115686877496], "door": [0.5417052117229544, 0.32190702064092236, 0.7852251376782662], "doorframe": [0.2945310955096063, 0.6114878793510748, 0.0998435719394617], "dresser": [0.3857197669734328, 0.4115923030759624, 0.4282867972250952], "dumbbell": [0.7879158105739161, 0.17718861826714583, 0.6066703669788827], "dustpan": [0.22113484208795442, 0.22296174314320538, 0.8236865646618181], "end table": [0.393251216296042, 0.3952020494350873, 0.7207217873911894], "fan": [0.5460252140107149, 0.3382007884405088, 0.78756087016131], "file cabinet": [0.3404737166190578, 0.9907504474435601, 0.18813586000920313], "fire alarm": [0.5135905539638578, 0.770859811287524, 0.013464291366732106], "fire extinguisher": [0.770174536645348, 0.8725065288934386, 0.5224383319281203], "fireplace": [0.7549211563246747, 0.1701631637216071, 0.30808321773364267], "floor": [0.6033996174985199, 0.1464241839440471, 0.9574535992877359], "folded chair": [0.3158480204780737, 0.3256763160585705, 0.10435992147588091], "furniture": [0.04126159209492508, 0.7303962156094649, 0.6128945494962009], "guitar": [0.4487462061055957, 0.25714373924228584, 0.37901690026345625], "guitar case": [0.4032140703322732, 0.9545563698608053, 0.795315536603227], "hair dryer": [0.9806067225898376, 0.7997099554039651, 0.7555596005866326], "handicap bar": [0.746629889802286, 0.15468607203632168, 0.07312705153743415], "hat": [0.012303487254664458, 0.25042322859459776, 0.12812777617315407], "headphones": [0.37762328178993876, 0.46943100055606335, 0.458684845595973], "ironing board": [0.6819210114227644, 0.8259684211137154, 0.8740125797158841], "jacket": [0.08597583535549513, 0.9357761532678928, 0.011882103703842462], "keyboard": [0.5823344941286097, 0.99090238304599, 0.44589943427448375], "keyboard piano": [0.664288654266335, 0.5688682652361577, 0.39983099449641746], "kitchen cabinet": [0.5491792925341747, 0.9029215331094227, 0.635301482088881], "kitchen counter": [0.7520650663457483, 0.4036298724176378, 0.03557304122076643], "ladder": [0.5363805705896919, 0.6520753340988136, 0.47437063211171837], "lamp": [0.25801254709586496, 0.11135344700532968, 0.973703756657415], "laptop": [0.41200005757558134, 0.8818613162631952, 0.0007558514990750886], "laundry basket": [0.3400930895139256, 0.5961659214287134, 0.9002543566203463], "laundry detergent": [0.8657486610958185, 0.34977974954862345, 0.1974556874616914], "laundry hamper": [0.26044204684120364, 0.9882812355446156, 0.6400175628315433], "ledge": [0.8866546098921021, 0.4779434546520669, 0.12926057671313995], "light": [0.4408174276077379, 0.4362697158651777, 0.5646059656973592], "light switch": [0.14318201600703673, 0.6876192227051496, 0.30170259830288393], "luggage": [0.7358215091635522, 0.5987387298880573, 0.598903194469122], "machine": [0.01258486500210454, 0.996742512826267, 0.7493915661963274], "mailbox": [0.5522417886389658, 0.8110607989232033, 0.0482107560873829], "mat": [0.6264919237663892, 0.03122468361065478, 0.8087874615154773], "mattress": [0.9879883210529544, 0.7851108284104446, 0.9818908725906914], "microwave": [0.8863871297340036, 0.4709325688269832, 0.6307347512693394],